correctness,completeness,quality,f1_score
0.754786975208974,0.7486919851199517,0.6376690677086627,0.5052287629282114
