correctness,completeness,quality,f1_score
0.5772838229858259,0.37942453114862873,0.3075075863107594,0.4360346750514015
