correctness,completeness,quality,f1_score
0.5113038794428998,0.5443391413767598,0.3715190379030287,0.512250490808249
