correctness,completeness,quality,f1_score
0.7783295976390631,0.7177066424895634,0.6367373941043585,0.5088984513634832
