correctness,completeness,quality,f1_score
0.807512936852863,0.680355144154767,0.6211824555221721,0.49104374350019875
