correctness,completeness,quality,f1_score
0.7947158243229677,0.5728671253824675,0.5328591951704136,0.3970519598699556
