correctness,completeness,quality,f1_score
0.5952653632588077,0.8574531355181215,0.5608924047938899,0.45259861826094205
